178,11-035
204,11-058
253,11-091
369,11-211
402,11-259
420,11-240
696,16-072
920,17-069
949,16-063
1009,15-039
1094,14-137
1147,13-061a
1157,14-085
1241,14-100
1316,15-029
1319,15-032
1518,20-012
1519,20-013
1569,19-061
1633,19-151
1634,19-152
1648,19-262
1649,19-263
1726,18-045
1858,18-070
2088,20-377
2089,20-378a
2110,20-384
2220,20-560
2241,20-564
2490,20-135
2632,21-556
2671,21-495
2755,21-507
2803,21-435
2881,21-529
3058,21-219
3074,21-222
3518,23-051
3738,23-026