2,10-331
5,10-334
23,10-322
31,10-401
35,10-405
41,10-348
47,10-354
52,10-359
56,10-363
59,10-366
62,10-369
63,10-370
67,10-374
68,10-375a
69,10-375b
82,10-393
84,10-395
85,10-396
86,10-397
91,10-427
100,10-438
101,10-439
102,10-440
103,11-325
104,10-442
113,10-409
129,10-421
130,10-422
132,10-424
152,11-017
153,11-018
155,11-020
156,11-021
157,11-022
158,11-023
159,11-024
163,11-028
165,11-030
166,11-031
167,11-032
168,11-033a
169,11-033b
184,11-041a
185,11-041b
187,11-043
188,11-044
189,11-045
193,11-071
209,11-063a
210,11-063b
211,11-064
212,11-065
213,11-066
214,11-067
215,11-068
216,11-069
307,11-170
317,11-180
327,11-168
336,11-183
396,11-253
397,11-254
434,11-271
440,11-277
478,11-315
479,11-316
480,11-317
481,11-318
482,11-319
483,11-320
484,11-321
485,11-322
486,11-323
490,12-002
533,12-026
640,12-148
763,16-091
764,16-092
765,16-093
939,17-076
1015,13-109
1059,15-053
1133,13-137
1135,14-002
1150,14-004
1151,14-005
1153,14-007
1167,13-064
1168,13-065
1169,13-066
1173,13-071
1175,14-009
1177,14-011
1201,14-019
1202,14-020
1213,14-023
1256,13-083
1266,14-036
1267,14-037
1291,14-040
1381,19-275
1392,19-280
1412,19-296
1448,19-312
1489,20-038
1782,19-009j
1892,19-042
1983,20-620
1984,20-621
1985,20-622
1986,20-624
2005,20-626
2038,21-056c
2039,21-056d
2060,20-638
2062,20-800
2128,20-303
2219,20-559
2275,20-580
2445,20-203
2446,20-204a
2457,20-1271
2458,20-204b
2468,20-207
2481,20-211
2482,20-212
2511,20-220
2526,20-221
2577,20-275
2605,21-686
2606,21-687
2607,21-688
2609,21-690
2610,21-691
2612,21-693
2613,21-694
2614,21-695
2615,21-696
2634,21-697
2636,21-699
2639,21-702
2640,21-703
2654,21-708
2657,21-711
2662,21-716
2663,21-717
2664,21-718
2669,21-493
2676,21-719
2677,21-720
2678,21-721
2714,21-503
2975,21-668
2976,21-669
2978,21-671
2981,21-674
2997,21-676
2999,21-678
3000,21-679
3001,21-680
3002,21-681
3003,21-682
3004,21-683
3005,21-684
3006,21-685
3258,21-373
3541,22-816
3542,22-817
3553,22-818
3554,22-819
3555,22-820
3557,22-822
3572,22-828
3573,22-829
3574,22-830
3575,22-831
3576,22-832
3577,22-833
3578,22-834
3579,22-835
3580,22-836
3581,22-837
3582,22-838
3593,22-100
3595,22-839
3602,22-846
3673,23-011
3734,22-138
3744,23-087
3757,22-146a
3774,23-037
3775,23-038
3776,23-039
3780,22-076