1,10-330
2,10-331
3,10-332
4,10-333
5,10-334
6,10-335
7,10-336
8,10-337
9,10-338
10,10-339
11,10-340
12,10-341
13,10-342
14,10-299
15,10-316
16,10-317
17,10-318a
18,10-318b
19,10-318c
20,10-318d
21,10-320
22,10-321
23,10-322
24,10-323
25,10-324
26,10-325
27,10-326
28,10-327
29,10-328
30,10-329
31,10-401
32,10-402
33,10-403
34,10-404
35,10-405
36,10-406
37,10-407a
38,10-343a
39,10-343b
40,10-344
41,10-348
42,10-349
43,10-350
44,10-351
45,10-352
46,10-353
47,10-354
48,10-355
49,10-356
50,10-357
51,10-358
52,10-359
53,10-360
54,10-361
55,10-362
56,10-363
57,10-364
58,10-365
59,10-366
60,10-367
61,10-368
62,10-369
63,10-370
64,10-371
65,10-372
66,10-373
67,10-374
68,10-375a
69,10-375b
70,10-376
71,10-378
72,10-381
73,10-382
74,10-384
75,10-385
76,10-386
77,10-387
78,10-389
79,10-390
80,10-391
81,10-392
82,10-393
83,10-394
84,10-395
85,10-396
86,10-397
87,10-398
88,10-399
89,10-400
90,10-426
91,10-427
92,10-428a
93,10-428b
94,10-430
95,10-431
96,10-432
97,10-434
98,10-436
99,10-437
100,10-438
101,10-439
102,10-440
103,11-325
104,10-442
105,10-443
106,10-444
107,10-445
108,10-800
109,10-801
110,10-807
111,10-407b
112,10-408
113,10-409
114,10-410
115,10-411
116,10-411b
117,10-412
118,10-413
119,10-414
120,10-415
121,10-416a
122,10-416b
123,10-417
124,10-418a
125,10-418b
126,10-419a
127,10-419b
128,10-420
129,10-421
130,10-422
131,10-423
132,10-424
133,10-425
134,11-034
135,11-001
136,11-002
137,11-003
138,11-004
139,11-005
140,11-006
141,11-007
142,11-008
143,11-009
144,11-010
145,11-011a
146,11-011b
147,11-012
148,11-013
149,11-014
150,11-015
151,11-016
152,11-017
153,11-018
154,11-019
155,11-020
156,11-021
157,11-022
158,11-023
159,11-024
160,11-025
161,11-026
162,11-027
163,11-028
164,11-029
165,11-030
166,11-031
167,11-032
168,11-033a
169,11-033b
170,11-048b
171,11-049
172,11-050
173,11-051
174,11-052
175,11-053
176,11-054
177,11-055
178,11-035
179,11-036
180,11-037
181,11-038
182,11-039
183,11-040
184,11-041a
185,11-041b
186,11-042
187,11-043
188,11-044
189,11-045
190,11-046
191,11-047
192,11-048a
193,11-071
194,11-072
195,11-073
196,11-074
197,11-075
198,11-076
199,11-056a
200,11-056b
201,11-056c
202,11-056d
203,11-057
204,11-058
205,11-059
206,11-060
207,11-061
208,11-062
209,11-063a
210,11-063b
211,11-064
212,11-065
213,11-066
214,11-067
215,11-068
216,11-069
217,11-070a
218,11-070b
219,11-070c
220,11-103
221,11-104
222,11-105
223,11-107
224,11-108
225,11-109a
226,11-109b
227,11-110
228,11-111
229,11-112
230,11-113
231,11-114
232,11-115
233,11-116
234,11-117
235,11-118a
236,11-118b
237,11-119
238,11-077
239,11-078
240,11-079
241,11-080
242,11-081
243,11-082
244,11-083
245,11-084
246,11-085
247,11-087a
248,11-087b
249,11-088
250,11-089a
251,11-089b
252,11-090
253,11-091
254,11-092
255,11-093
256,11-094
257,11-095
258,11-096
259,11-097
260,11-098
261,11-099
262,11-100
263,11-101
264,11-102
265,11-157
266,11-158
267,11-120
268,11-121
269,11-122
270,11-123
271,11-124
272,11-125
273,11-126a
274,11-126b
275,11-127a
276,11-127b
277,11-128
278,11-129
279,11-130
280,11-131
281,11-132
282,11-133
283,11-134
284,11-135
285,11-136
286,11-137
287,11-138
288,11-139
289,11-140
290,11-141
291,11-142
292,11-143
293,11-144
294,11-145
295,11-146
296,11-147
297,11-148
298,11-149
299,11-150
300,11-151
301,11-152
302,11-153
303,11-154
304,11-155
305,11-156
306,11-169
307,11-170
308,11-171
309,11-172
310,11-173
311,11-174
312,11-175
313,11-176
314,11-177
315,11-178
316,11-179
317,11-180
318,11-159
319,11-160
320,11-161
321,11-162
322,11-163
323,11-164
324,11-165
325,11-166
326,11-167
327,11-168
328,11-223
329,11-224
330,11-225
331,11-226
332,11-227
333,11-228
334,11-181
335,11-182
336,11-183
337,11-184a
338,11-184b
339,11-184c
340,11-185
341,11-186
342,11-187
343,11-188
344,11-189
345,11-190a
346,11-190b
347,11-190c
348,11-191
349,11-192
350,11-193a
351,11-193b
352,11-194
353,11-195
354,11-196
355,11-197
356,11-200
357,11-201
358,11-202
359,11-203
360,11-204
361,11-205
362,11-206
363,11-207
364,11-208a
365,11-208b
366,11-209
367,11-210a
368,11-210b
369,11-211
370,11-212
371,11-213
372,11-214
373,11-215
374,11-216
375,11-263
376,11-264
377,11-217
378,11-218
379,11-219
380,11-220
381,11-221
382,11-222b
383,11-243
384,11-244a
385,11-244b
386,11-244c
387,11-244d
388,11-245
389,11-246
390,11-247
391,11-248
392,11-249
393,11-250
394,11-251
395,11-252
396,11-253
397,11-254
398,11-255
399,11-256
400,11-257
401,11-258
402,11-259
403,11-260
404,11-261
405,11-262
406,11-229a
407,11-229b
408,11-230
409,11-231
410,11-232
411,11-233
412,11-234
413,11-235
414,11-236
415,11-237a
416,11-237b
417,11-237c
418,11-238
419,11-239
420,11-240
421,11-241
422,11-242
423,12-007
424,12-008
425,12-009
426,12-010
427,12-011
428,11-265
429,11-266
430,11-267
431,11-268
432,11-269
433,11-270
434,11-271
435,11-272
436,11-273
437,11-274
438,11-275
439,11-276
440,11-277
441,11-278
442,11-279
443,11-280
444,11-281
445,11-282
446,11-283
447,11-284
448,11-285
449,11-286
450,11-287
451,11-244f
452,11-289
453,11-290
454,11-291
455,11-292
456,11-293
457,11-294
458,11-295
459,11-296
460,11-297
461,11-298
462,11-299
463,11-300
464,11-301
465,11-302
466,11-244g
467,11-304
468,11-305
469,11-306
470,11-307
471,11-308
472,11-309
473,11-244h
474,11-244e
475,11-312
476,11-313
477,11-314
478,11-315
479,11-316
480,11-317
481,11-318
482,11-319
483,11-320
484,11-321
485,11-322
486,11-323
487,11-324
488,11-800
489,12-001
490,12-002
491,12-003a
492,12-003b
493,12-003c
494,12-003d
495,12-004
496,12-005
497,12-006
498,12-027c
499,12-028
500,12-029
501,12-030
502,12-031
503,12-032
504,12-033
505,12-034
506,12-035
507,12-036
508,12-037
509,12-038a
510,12-038b
511,12-039
512,12-040
513,12-041
514,12-042
515,12-043a
516,12-043b
517,12-012
518,12-013
519,12-014
520,12-015
521,12-016a
522,12-016b
523,12-016c
524,12-017
525,12-018
526,12-019
527,12-020
528,12-021
529,12-022
530,12-023
531,12-024
532,12-025
533,12-026
534,12-027
535,12-027a
536,12-096
537,12-097
538,12-098
539,12-099
540,12-100
541,12-101
542,12-044
543,12-045
544,12-046
545,12-047
546,12-048
547,12-049
548,12-050
549,12-051
550,12-052a
551,12-052b
552,12-053
553,12-054
554,12-055a
555,12-055b
556,12-056
557,12-057
558,12-058
559,12-059
560,12-060
561,12-061
562,12-062
563,12-063
564,12-064
565,12-065
566,12-066
567,12-067
568,12-068
569,12-069
570,12-070
571,12-071
572,12-072
573,12-073
574,12-075
575,12-076
576,12-077
577,12-078
578,12-080
579,12-081
580,12-082
581,12-083
582,12-084
583,12-085
584,12-086
585,12-087
586,12-088
587,12-089
588,12-091
589,12-092
590,12-093
591,12-094
592,12-095
593,12-122
594,12-123
595,12-124
596,12-125
597,12-126
598,12-127
599,12-129
600,12-130
601,12-131
602,12-132
603,12-133
604,12-134
605,12-135
606,12-136
607,12-137
608,12-138
609,12-139
610,12-141
611,12-102
612,12-103
613,12-104
614,12-105
615,12-106
616,12-107
617,12-108
618,12-109
619,12-110
620,12-111
621,12-112
622,12-113
623,12-114
624,12-115
625,12-116
626,12-118
627,12-119
628,12-120
629,12-121
630,13-036
631,13-037
632,13-038
633,13-040
634,13-041
635,12-142
636,12-143
637,12-144
638,12-145
639,12-146
640,12-148
641,12-149
642,12-150
643,12-151
644,12-152
645,12-038c
646,12-154
647,13-001
648,13-002
649,13-004
650,13-005
651,13-006
652,13-007
653,13-008
654,13-009
655,13-010a
656,13-010b
657,13-011
658,13-012
659,13-013
660,13-014
661,13-015
662,13-016a
663,13-016b
664,13-017a
665,13-017b
666,13-017c
667,13-019
668,13-020
669,13-021
670,13-022
671,13-023
672,13-024
673,13-025
674,13-026
675,13-027
676,13-028
677,13-029
678,13-030
679,13-031
680,13-032
681,13-033
682,13-034
683,13-035
684,17-014
685,17-015
686,18-016
687,18-017
688,18-018
689,16-020a
690,16-020b
691,16-022a
692,16-022b
693,16-023
694,16-024
695,16-071
696,16-072
697,16-073
698,16-074
699,16-075
700,16-076
701,17-016a
702,17-016b
703,17-017
704,17-018a
705,18-019
706,18-020
707,18-021
708,18-022
709,16-025
710,16-026
711,16-027
712,16-028
713,16-077
714,16-078
715,16-079
716,16-080
717,16-081
718,16-082
719,16-083
720,16-084
721,17-018b
722,17-020a
723,17-020b
724,17-021a
725,17-021b
726,17-023
727,18-023
728,18-024
729,18-025
730,16-029
731,16-030
732,16-031
733,16-032
734,16-033
735,16-034
736,16-085
737,16-086
738,16-087
739,16-088
740,17-024
741,17-025
742,17-026
743,17-027
744,17-028
745,17-029a
746,17-029b
747,18-026
748,18-027
749,18-028
750,18-029
751,18-030
752,18-031
753,16-035
754,16-036
755,16-037
756,16-038
757,16-039a
758,16-039b
759,16-040
760,16-041
761,16-089
762,16-090
763,16-091
764,16-092
765,16-093
766,16-095
767,17-030
768,17-031
769,17-032
770,17-033
771,17-034
772,17-035
773,15-059b
774,15-060
775,15-061
776,15-062
777,15-063
778,16-042
779,16-043a
780,16-043b
781,16-044a
782,16-044b
783,16-045a
784,16-045b
785,16-096
786,16-097
787,16-098
788,16-099
789,17-037
790,17-038
791,17-039
792,17-040
793,17-041
794,15-064
795,15-065
796,15-066
797,15-067
798,16-046
799,16-047
800,16-100
801,16-102
802,16-103
803,16-104
804,17-042
805,17-043a
806,17-043b
807,17-043c
808,17-044
809,15-068
810,15-069
811,15-070
812,15-071a
813,15-071b
814,15-071c
815,15-072
816,15-073
817,15-074
818,16-048
819,16-105
820,16-106
821,16-107
822,16-108
823,17-045
824,17-046
825,17-047
826,17-048
827,17-049
828,17-050
829,15-075a
830,15-075b
831,15-075c
832,15-076
833,15-077
834,15-078
835,15-079
836,16-049
837,16-051b
838,16-109
839,16-110
840,16-111
841,16-112
842,16-113
843,17-051
844,17-052
845,17-053
846,17-054
847,17-055
848,15-080
849,15-081
850,15-082
851,15-083
852,15-084
853,15-085
854,16-051a
855,16-052
856,16-053
857,16-054a
858,16-800
859,16-801
860,17-001a
861,17-056
862,17-057
863,17-058
864,17-059a
865,17-059b
866,17-059c
867,15-086
868,15-087
869,15-088
870,15-089
871,15-090
872,15-091a
873,15-091b
874,15-092
875,16-054b
876,16-054c
877,16-054d
878,16-054e
879,16-054f
880,17-001b
881,17-001c
882,17-001d
883,17-002a
884,17-002b
885,17-003a
886,17-003b
887,17-004
888,17-060
889,17-061
890,17-062
891,17-063a
892,17-063b
893,15-093
894,15-094
895,15-095
896,15-096
897,16-054g
898,16-055
899,17-005
900,17-006
901,17-007
902,17-008
903,17-064
904,17-065
905,17-066
906,17-067
907,15-098
908,15-099a
909,15-099b
910,15-099c
911,15-099d
912,15-099e
913,15-800
914,15-801
915,16-001
916,16-056
917,16-057
918,17-009a
919,17-068
920,17-069
921,17-070
922,17-071
923,17-072
924,17-073
925,17-074
926,17-075
927,16-002
928,16-003
929,16-004
930,16-005
931,16-058
932,16-059
933,16-060
934,16-061
935,16-062a
936,17-010
937,17-011
938,17-012
939,17-076
940,18-001
941,18-003
942,18-004
943,18-005
944,16-006
945,16-007
946,16-008a
947,16-062b
948,16-062c
949,16-063
950,16-064
951,16-065
952,17-012b
953,17-013
954,18-006
955,18-007
956,18-008
957,18-009
958,16-008b
959,16-009a
960,16-009b
961,16-010
962,16-011
963,16-012a
964,16-012b
965,16-013a
966,16-013b
967,16-066a
968,16-066b
969,16-067
970,16-068
971,16-069
972,16-070
973,18-010
974,18-011
975,18-013
976,18-014
977,18-015
978,16-013c
979,16-014a
980,16-014b
981,16-015
982,16-016
983,16-017
984,16-018a
985,16-018b
986,16-019
987,14-118
988,14-119a
989,14-119b
990,14-120a
991,15-033
992,15-034
993,15-035
994,15-036
995,15-037
996,15-038
997,13-107
998,13-108
999,14-051
1000,14-052
1001,14-053
1002,14-054
1003,14-120b
1004,14-120c
1005,14-120d
1006,14-120e
1007,14-120f
1008,14-120g
1009,15-039
1010,15-040
1011,15-041
1012,15-042
1013,15-043
1014,15-044
1015,13-109
1016,13-110
1017,13-111
1018,13-112
1019,13-113
1020,13-114
1021,14-055
1022,14-056
1023,14-057a
1024,14-057b
1025,14-057c
1026,14-058
1027,14-059
1028,14-060
1029,14-120h
1030,14-120j
1031,14-121
1032,14-122a
1033,14-122b
1034,14-123
1035,15-045
1036,15-046
1037,15-047
1038,15-048
1039,15-049
1040,15-050
1041,13-116
1042,13-117a
1043,13-117b
1044,13-118a
1045,13-118b
1046,14-061
1047,14-062
1048,14-063
1049,14-124
1050,14-125
1051,14-126
1052,14-127a
1053,14-127b
1054,14-128
1055,14-129a
1056,14-129b
1057,15-051
1058,15-052
1059,15-053
1060,15-054
1061,15-055
1062,15-056
1063,15-057
1064,15-058
1065,15-059a
1066,13-119
1067,13-120
1068,13-121
1069,14-064
1070,14-065
1071,14-131
1072,14-132a
1073,14-132b
1074,14-132c
1075,14-133
1076,14-134
1077,13-042
1078,13-043
1079,13-045
1080,13-048
1081,13-049
1082,13-122
1083,13-123
1084,13-124
1085,13-125
1086,14-066
1087,14-067
1088,14-068
1089,14-069
1090,14-070
1091,14-135
1092,14-136a
1093,14-136b
1094,14-137
1095,14-138
1096,14-139
1097,14-140
1098,13-050a
1099,13-050b
1100,13-051
1101,13-052
1102,13-053
1103,13-054
1104,13-126
1105,13-127
1106,13-128
1107,13-129
1108,13-130
1109,13-131
1110,13-132
1111,14-071a
1112,14-071b
1113,14-072
1114,14-073
1115,14-074
1116,14-075
1117,14-076
1118,14-141
1119,14-142
1120,14-143
1121,14-144
1122,14-145
1123,13-055
1124,13-056
1125,13-057a
1126,13-057b
1127,13-058a
1128,13-058b
1129,13-133
1130,13-134
1131,13-135
1132,13-136
1133,13-137
1134,14-001
1135,14-002
1136,14-077a
1137,14-077b
1138,14-078
1139,14-079
1140,14-080
1141,14-081
1142,14-146
1143,14-147a
1144,14-147b
1145,13-059
1146,13-060
1147,13-061a
1148,13-061b
1149,14-003
1150,14-004
1151,14-005
1152,14-006
1153,14-007
1154,14-082
1155,14-083
1156,14-084
1157,14-085
1158,14-149
1159,14-150
1160,14-151
1161,14-152
1162,14-153a
1163,14-153b
1164,13-061c
1165,13-062
1166,13-063
1167,13-064
1168,13-065
1169,13-066
1170,13-068
1171,13-069
1172,13-070
1173,13-071
1174,14-008
1175,14-009
1176,14-010
1177,14-011
1178,14-012
1179,14-013
1180,14-014
1181,14-015
1182,14-086
1183,14-087
1184,14-088
1185,14-089
1186,14-154
1187,14-159a
1188,14-159b
1189,14-160
1190,14-161
1191,14-162
1192,14-163
1193,15-001
1194,13-072
1195,13-073
1196,13-074
1197,13-075
1198,14-016
1199,14-017
1200,14-018
1201,14-019
1202,14-020
1203,14-090
1204,14-091
1205,15-002
1206,15-003
1207,15-004a
1208,15-004b
1209,15-004c
1210,13-076
1211,13-077
1212,14-022
1213,14-023
1214,14-024
1215,14-025
1216,14-026a
1217,14-092
1218,14-093
1219,14-094
1220,14-096
1221,14-097
1222,15-005
1223,15-006
1224,15-007
1225,15-008
1226,15-009
1227,15-011
1228,13-078
1229,13-079a
1230,13-079b
1231,13-079c
1232,14-026b
1233,14-026c
1234,14-026d
1235,14-026e
1236,14-028
1237,14-029
1238,14-098a
1239,14-098b
1240,14-099
1241,14-100
1242,14-101
1243,14-102
1244,14-103
1245,15-012
1246,15-013
1247,15-014a
1248,15-014b
1249,15-015
1250,15-016
1251,15-017a
1252,15-017b
1253,15-017c
1254,13-080
1255,13-081
1256,13-083
1257,13-084
1258,13-085
1259,13-086
1260,14-031
1261,14-032
1262,14-033a
1263,14-033b
1264,14-034
1265,14-035
1266,14-036
1267,14-037
1268,14-104
1269,14-105
1270,14-106
1271,14-107a
1272,14-107b
1273,14-108
1274,14-109
1275,14-110
1276,14-111
1277,14-112
1278,15-018
1279,15-019
1280,15-020
1281,15-021a
1282,15-021b
1283,15-022
1284,15-023
1285,13-087
1286,13-088
1287,13-089
1288,13-091
1289,14-038
1290,14-039
1291,14-040
1292,14-113
1293,14-114
1294,14-115
1295,15-024
1296,15-025
1297,15-026
1298,15-027
1299,13-092
1300,13-093a
1301,13-093b
1302,13-093c
1303,13-095
1304,13-096
1305,14-042a
1306,14-042b
1307,14-042c
1308,14-043
1309,14-044
1310,14-045
1311,14-046
1312,14-116a
1313,14-116b
1314,14-116d
1315,15-028
1316,15-029
1317,15-030
1318,15-031
1319,15-032
1320,13-097
1321,13-100
1322,13-101a
1323,13-101b
1324,13-101c
1325,13-102
1326,13-104
1327,13-105
1328,14-047
1329,14-048
1330,14-049
1331,14-050
1332,14-116c
1333,14-117
1334,20-058a
1335,20-058b
1336,20-059
1337,20-060a
1338,20-078d
1339,20-078e
1340,20-041l
1341,20-041m
1342,20-060b
1343,20-060c
1344,20-078f
1345,20-078g
1346,20-017
1347,20-018
1348,20-019
1349,20-041n
1350,20-041p
1351,20-060d
1352,20-060e
1353,20-060f
1354,20-078h
1355,20-079
1356,20-020
1357,20-041q
1358,20-041r
1359,20-041t
1360,20-041u
1361,20-041v
1362,20-060g
1363,20-060h
1364,20-080
1365,20-081
1366,20-021
1367,20-022
1368,20-041w
1369,20-041x
1370,20-041y
1371,20-041z
1372,20-061
1373,19-267
1374,19-268
1375,19-269
1376,19-270
1377,19-271
1378,19-272
1379,19-273
1380,19-274
1381,19-275
1382,19-276
1383,19-277
1384,19-278
1385,20-023
1386,20-041
1387,20-042a
1388,20-042b
1389,20-062b
1390,20-063
1391,19-279
1392,19-280
1393,19-281
1394,19-282
1395,19-283
1396,19-284
1397,19-285
1398,19-286
1399,19-287
1400,19-288
1401,19-289
1402,19-290
1403,20-024
1404,20-042c
1405,20-042d
1406,20-043
1407,19-291
1408,19-292
1409,19-293
1410,19-294
1411,19-295
1412,19-296
1413,19-297
1414,19-298
1415,19-299
1416,19-300
1417,20-025b
1418,20-026
1419,20-044
1420,20-045
1421,20-065a
1422,20-065b
1423,20-065c
1424,20-066
1425,20-067a
1426,19-301
1427,19-302
1428,19-303
1429,19-304
1430,19-305
1431,19-306
1432,19-307
1433,20-027
1434,20-028a
1435,20-028b
1436,20-028c
1437,20-028d
1438,20-028e
1439,20-028f
1440,20-046
1441,20-047
1442,20-067b
1443,20-067c
1444,19-308
1445,19-309
1446,19-310
1447,19-311
1448,19-312
1449,20-028g
1450,20-028h
1451,20-028j
1452,20-028i
1453,20-028l
1454,20-029
1455,20-048
1456,20-068a
1457,20-068b
1458,20-069
1459,19-802
1460,20-001
1461,20-002
1462,20-003a
1463,20-030
1464,20-031
1465,20-032
1466,20-033
1467,20-049a
1468,20-049b
1469,20-050
1470,20-070
1471,20-003b
1472,20-003c
1473,20-003d
1474,20-003e
1475,20-003f
1476,20-003g
1477,20-034
1478,20-035a
1479,20-051
1480,20-052
1481,20-053
1482,20-071
1483,20-072
1484,20-003h
1485,20-035b
1486,20-035c
1487,20-035d
1488,20-036
1489,20-038
1490,20-039
1491,20-040
1492,20-054
1493,20-073
1494,20-074
1495,20-004
1496,20-005
1497,20-010b
1498,20-007
1499,20-008
1500,20-041a
1501,20-041b
1502,20-041c
1503,20-041d
1504,20-055
1505,20-056
1506,20-075a
1507,20-009
1508,20-011
1509,20-041e
1510,20-041f
1511,20-041g
1512,20-057a
1513,20-057b
1514,20-075b
1515,20-076
1516,20-077
1517,20-078a
1518,20-012
1519,20-013
1520,20-041h
1521,20-041j
1522,20-041k
1523,20-057c
1524,20-057d
1525,20-057e
1526,20-078b
1527,20-078c
1528,20-014
1529,20-015a
1530,20-015b
1531,19-130
1532,19-131a
1533,19-131b
1534,19-131c
1535,19-131d
1536,19-131e
1537,19-131f
1538,19-131g
1539,19-132
1540,19-133
1541,19-134
1542,19-135
1543,19-227
1544,19-228
1545,19-229
1546,19-230
1547,19-231
1548,19-232
1549,19-233
1550,19-234
1551,19-235
1552,19-236
1553,19-237
1554,19-238
1555,18-095
1556,18-096
1557,18-097
1558,18-098
1559,18-099
1560,18-100a
1561,19-053
1562,19-054
1563,19-055
1564,19-056
1565,19-057
1566,19-058
1567,19-059
1568,19-060
1569,19-061
1570,19-136a
1571,19-136b
1572,19-136c
1573,19-137
1574,19-138
1575,19-139
1576,19-140
1577,19-141
1578,19-239
1579,19-240
1580,19-241
1581,19-242
1582,19-243
1583,19-244
1584,19-245
1585,19-246
1586,19-247
1587,18-100b
1588,18-101
1589,18-102
1590,18-103
1591,18-104
1592,18-105a
1593,18-105b
1594,18-106
1595,19-062
1596,19-063a
1597,19-063b
1598,19-064
1599,19-065
1600,19-066
1601,19-142
1602,19-143
1603,19-144
1604,19-145
1605,19-146
1606,19-147
1607,19-148
1608,19-149
1609,19-150
1610,19-248
1611,19-249
1612,19-250
1613,19-251
1614,19-252
1615,19-253
1616,19-254
1617,18-107
1618,18-108
1619,18-109
1620,18-110
1621,18-111
1622,18-112
1623,18-113
1624,18-114
1625,18-115
1626,18-116
1627,18-117
1628,19-067
1629,19-068
1630,19-069
1631,19-070
1632,19-071
1633,19-151
1634,19-152
1635,19-153
1636,19-154
1637,19-155
1638,19-156
1639,19-157
1640,19-158
1641,19-255
1642,19-256
1643,19-257
1644,19-258
1645,19-259
1646,19-260
1647,19-261
1648,19-262
1649,19-263
1650,19-264
1651,19-265
1652,19-266
1653,18-118
1654,18-119
1655,18-120
1656,18-121a
1657,18-121b
1658,18-122
1659,18-123
1660,18-124
1661,19-072a
1662,19-072b
1663,19-072c
1664,19-072d
1665,19-159
1666,19-160
1667,19-161
1668,19-162
1669,19-163
1670,19-164
1671,18-032
1672,18-033
1673,18-034
1674,18-035
1675,18-036
1676,18-125
1677,18-126
1678,18-127
1679,18-128
1680,18-129
1681,18-130
1682,18-131
1683,18-132
1684,18-133
1685,18-134
1686,19-072e
1687,19-073
1688,19-074a
1689,19-074b
1690,19-165
1691,19-166
1692,19-167
1693,19-168
1694,19-169
1695,19-170
1696,19-171
1697,19-172
1698,18-037
1699,18-038
1700,18-039
1701,18-040
1702,18-041
1703,18-042
1704,18-043
1705,18-135
1706,18-136
1707,18-137
1708,18-138
1709,18-139
1710,18-800
1711,19-001
1712,19-075
1713,19-076
1714,19-077
1715,19-078
1716,19-079
1717,19-080
1718,19-173
1719,19-174
1720,19-175
1721,19-176
1722,19-177
1723,19-178
1724,19-179
1725,18-044
1726,18-045
1727,18-046
1728,18-048
1729,18-049a
1730,19-002
1731,19-003
1732,19-004
1733,19-005
1734,19-006
1735,19-081
1736,19-082
1737,19-083
1738,19-084
1739,19-085
1740,19-086
1741,19-087
1742,19-088
1743,19-089
1744,19-180
1745,19-181
1746,19-182
1747,19-183
1748,19-184
1749,19-185
1750,19-186
1751,19-187
1752,19-188
1753,18-049b
1754,18-049c
1755,18-049d
1756,18-049e
1757,18-050
1758,18-051
1759,18-052a
1760,19-009a
1761,19-009b
1762,19-009c
1763,19-009d
1764,19-009e
1765,19-009f
1766,19-090
1767,19-091
1768,19-092
1769,19-093
1770,19-094
1771,19-095
1772,19-189
1773,19-190
1774,19-191
1775,19-192
1776,19-193
1777,18-052b
1778,18-053
1779,18-054a
1780,19-009g
1781,19-009h
1782,19-009j
1783,19-010
1784,19-011
1785,19-012
1786,19-013
1787,19-096
1788,19-097
1789,19-194
1790,19-195
1791,19-196
1792,19-197
1793,19-198
1794,19-199
1795,18-054b
1796,18-054c
1797,18-054d
1798,18-054e
1799,18-054f
1800,18-054g
1801,19-016
1802,19-018
1803,19-019
1804,19-020
1805,19-021
1806,19-022
1807,19-098
1808,19-099
1809,19-101
1810,19-102
1811,19-103a
1812,19-200
1813,19-201
1814,19-202
1815,19-203
1816,19-204
1817,18-058
1818,18-059
1819,18-061
1820,18-062
1821,18-064
1822,19-023
1823,19-024
1824,19-025
1825,19-026
1826,19-027
1827,19-028
1828,19-029
1829,19-103b
1830,19-106
1831,19-205a
1832,19-205b
1833,19-205c
1834,19-206
1835,18-065
1836,18-066
1837,18-067
1838,18-068
1839,18-069a
1840,18-069b
1841,19-030
1842,19-031
1843,19-032
1844,19-033
1845,19-034
1846,19-035
1847,19-036
1848,19-037
1849,19-038a
1850,19-107
1851,19-108
1852,19-109a
1853,19-109b
1854,19-207
1855,19-208
1856,19-209
1857,19-210
1858,18-070
1859,18-071
1860,18-072
1861,18-073
1862,18-074
1863,18-075
1864,18-076
1865,18-077
1866,19-038b
1867,19-038c
1868,19-038d
1869,19-038e
1870,19-109c
1871,19-110
1872,19-111
1873,19-112
1874,19-113
1875,19-211
1876,19-212
1877,19-213
1878,19-214
1879,19-215a
1880,19-215b
1881,19-215c
1882,18-078
1883,18-079
1884,18-080
1885,18-081
1886,18-082
1887,18-083
1888,19-038f
1889,19-039
1890,19-040
1891,19-041
1892,19-042
1893,19-114
1894,19-115
1895,19-116
1896,19-117
1897,19-118a
1898,19-118b
1899,19-118c
1900,19-118d
1901,19-215d
1902,19-216
1903,19-217
1904,19-218
1905,19-219
1906,18-084a
1907,18-084b
1908,18-084c
1909,18-085a
1910,18-085b
1911,18-086
1912,18-087
1913,19-043
1914,19-044
1915,19-045
1916,19-118e
1917,19-118f
1918,19-119
1919,19-120
1920,19-121
1921,19-122
1922,19-123
1923,19-124
1924,19-220
1925,19-221
1926,19-222
1927,19-223
1928,19-224
1929,19-225
1930,19-226
1931,18-088
1932,18-089
1933,18-090
1934,18-091
1935,18-092
1936,18-093
1937,18-094
1938,19-046
1939,19-047
1940,19-048
1941,19-049
1942,19-050
1943,19-051
1944,19-052
1945,19-125
1946,19-126
1947,19-127
1948,19-128
1949,19-129
1950,20-608
1951,20-609
1952,20-610
1953,20-611
1954,20-612
1955,20-613
1956,20-614
1957,20-615
1958,20-616
1959,20-617
1960,20-618
1961,20-619
1962,21-045
1963,21-046
1964,21-047
1965,21-048
1966,20-342
1967,20-343
1968,20-344
1969,20-345
1970,20-346
1971,20-347
1972,20-348
1973,20-349
1974,20-350
1975,20-444
1976,20-445
1977,20-446
1978,20-447
1979,20-448
1980,20-449
1981,20-450
1982,20-451
1983,20-620
1984,20-621
1985,20-622
1986,20-624
1987,21-049
1988,21-050
1989,21-051
1990,21-052
1991,20-351a
1992,20-351b
1993,20-351c
1994,20-352
1995,20-353
1996,20-452
1997,20-453
1998,20-454
1999,20-455
2000,20-456
2001,20-457
2002,20-458
2003,20-459
2004,20-460
2005,20-626
2006,20-628
2007,20-629
2008,21-053
2009,21-054
2010,21-055
2011,21-056a
2012,21-056b
2013,20-354
2014,20-355
2015,20-356
2016,20-357
2017,20-358
2018,20-359
2019,20-360
2020,20-361
2021,20-362
2022,20-363
2023,20-461
2024,20-462
2025,20-463
2026,20-464
2027,20-465
2028,20-466
2029,20-467
2030,20-468
2031,20-469
2032,20-470
2033,20-471
2034,20-630
2035,20-631
2036,20-636
2037,20-637
2038,21-056c
2039,21-056d
2040,21-057
2041,21-058
2042,20-364
2043,20-365
2044,20-366
2045,20-367
2046,20-368
2047,20-369a
2048,20-369b
2049,20-369c
2050,20-369d
2051,20-472
2052,20-473
2053,20-474
2054,20-475
2055,20-476
2056,20-477
2057,20-478
2058,20-479
2059,20-480
2060,20-638
2061,20-642
2062,20-800
2063,20-295
2064,20-296
2065,20-297
2066,20-370a
2067,20-370b
2068,20-371
2069,20-372
2070,20-373
2071,20-374
2072,20-375
2073,20-481
2074,20-482
2075,20-483
2076,20-484
2077,20-485
2078,20-486
2079,20-487
2080,20-488
2081,20-489
2082,20-490
2083,20-803
2084,20-298
2085,20-299a
2086,20-299b
2087,20-376
2088,20-377
2089,20-378a
2090,20-378b
2091,20-491
2092,20-492
2093,20-493
2094,20-494
2095,20-495
2096,20-496
2097,20-497
2098,20-299c
2099,20-299d
2100,20-299e
2101,20-299f
2102,20-299g
2103,20-299h
2104,20-299j
2105,20-379
2106,20-380
2107,20-381
2108,20-382
2109,20-383
2110,20-384
2111,20-385
2112,20-498
2113,20-499
2114,20-500
2115,20-501
2116,20-502
2117,20-503
2118,20-504
2119,20-505
2120,20-506
2121,20-826
2122,20-827
2123,20-830
2124,20-300
2125,20-301a
2126,20-301b
2127,20-302
2128,20-303
2129,20-386
2130,20-387
2131,20-388a
2132,20-388b
2133,20-388c
2134,20-389
2135,20-390
2136,20-507
2137,20-508
2138,20-509
2139,20-510
2140,20-198
2141,20-512
2142,20-513
2143,20-854
2144,21-002
2145,21-004
2146,21-005a
2147,20-304
2148,20-305
2149,20-306
2150,20-307
2151,20-391
2152,20-392
2153,20-393
2154,20-394
2155,20-395
2156,20-396
2157,20-514
2158,20-515
2159,20-516
2160,20-517
2161,20-518
2162,20-519
2163,20-520
2164,20-521
2165,20-522
2166,21-005b
2167,21-005c
2168,21-005d
2169,21-005e
2170,21-005f
2171,21-005g
2172,21-006
2173,21-007
2174,20-308
2175,20-309
2176,20-310
2177,20-397
2178,20-398
2179,20-399
2180,20-400
2181,20-401
2182,20-402
2183,20-523
2184,20-524
2185,20-527
2186,20-531
2187,20-540
2188,20-543
2189,20-545
2190,20-546
2191,20-548
2192,20-370d
2193,21-009
2194,21-012
2195,21-013
2196,21-014
2197,21-015
2198,21-016
2199,21-018
2200,20-311
2201,20-312
2202,20-313
2203,20-314
2204,20-315a
2205,20-315b
2206,20-315c
2207,20-316
2208,20-317
2209,20-318
2210,20-403
2211,20-404
2212,20-407
2213,20-370c
2214,20-553
2215,20-555
2216,20-556
2217,20-557
2218,20-558
2219,20-559
2220,20-560
2221,20-561
2222,20-562
2223,20-563
2224,21-019
2225,21-020
2226,21-021
2227,21-022
2228,21-023
2229,21-024
2230,21-025
2231,20-319
2232,20-320
2233,20-321
2234,20-322
2235,20-323
2236,20-324
2237,20-409
2238,20-410
2239,20-411
2240,20-412
2241,20-564
2242,20-565
2243,20-566
2244,20-567
2245,20-568
2246,20-569
2247,20-570
2248,21-026
2249,21-027
2250,21-029
2251,20-325
2252,20-326
2253,20-327
2254,20-328a
2255,20-328b
2256,20-413
2257,20-414
2258,20-415
2259,20-416
2260,20-417
2261,20-418
2262,20-419
2263,20-420
2264,20-421
2265,20-422
2266,20-571
2267,20-572
2268,20-573
2269,20-574
2270,20-575
2271,20-576
2272,20-577
2273,20-578
2274,20-579
2275,20-580
2276,20-581
2277,21-031
2278,21-032
2279,21-033
2280,21-034
2281,20-328c
2282,20-328d
2283,20-328e
2284,20-328f
2285,20-329
2286,20-330
2287,20-331
2288,20-332
2289,20-333
2290,20-334
2291,20-423
2292,20-424
2293,20-425
2294,20-426
2295,20-427
2296,20-428
2297,20-429
2298,20-430
2299,20-431
2300,20-432
2301,20-582
2302,20-583
2303,20-585
2304,20-586
2305,20-587
2306,20-588
2307,20-589
2308,20-590
2309,20-591
2310,20-592
2311,20-593
2312,20-594
2313,20-595
2314,21-035
2315,21-036a
2316,21-036b
2317,21-036c
2318,21-037
2319,20-335
2320,20-336
2321,20-337
2322,20-338
2323,20-433
2324,20-434
2325,20-435
2326,20-436
2327,20-437
2328,20-438
2329,20-439
2330,20-440
2331,20-441
2332,20-442
2333,20-443
2334,20-596
2335,20-597
2336,20-598
2337,20-599
2338,20-600
2339,20-601
2340,20-602
2341,20-603
2342,20-604
2343,20-605
2344,20-607
2345,21-039
2346,21-040
2347,21-041
2348,21-043
2349,21-044
2350,20-339a
2351,20-339b
2352,20-340
2353,20-341
2354,20-234a
2355,20-234b
2356,20-234c
2357,20-279b
2358,20-279c
2359,20-280
2360,20-282
2361,20-283
2362,20-284
2363,20-102i
2364,20-102e
2365,20-102f
2366,20-184
2367,20-185a
2368,20-185b
2369,20-234d
2370,20-234e
2371,20-234f
2372,20-234g
2373,20-285
2374,20-286
2375,20-287
2376,20-288
2377,20-102g
2378,20-102h
2379,20-102k
2380,20-102j
2381,20-102l
2382,20-103
2383,20-185c
2384,20-186
2385,20-187
2386,20-188
2387,20-189
2388,20-234h
2389,20-235
2390,20-236
2391,20-237a
2392,20-237b
2393,20-289
2394,20-290a
2395,20-290b
2396,20-291
2397,20-105
2398,20-106a
2399,20-106b
2400,20-106c
2401,20-106d
2402,20-107
2403,20-108
2404,20-109
2405,20-190
2406,20-191
2407,20-192
2408,20-193
2409,20-194a
2410,20-194b
2411,20-237c
2412,20-237d
2413,20-237e
2414,20-237f
2415,20-237g
2416,20-292
2417,20-293
2418,20-294
2419,20-110
2420,20-111
2421,20-112
2422,20-113
2423,20-114
2424,20-194c
2425,20-195
2426,20-196
2427,20-197
2428,20-511
2429,20-238
2430,20-239
2431,20-082
2432,20-083
2433,20-115
2434,20-116
2435,20-117
2436,20-118
2437,20-119
2438,20-120
2439,20-121
2440,20-122
2441,20-199
2442,20-200
2443,20-201
2444,20-202
2445,20-203
2446,20-204a
2447,20-241
2448,20-242
2449,20-243
2450,20-244
2451,20-085
2452,20-123
2453,20-124
2454,20-125
2455,20-126
2456,20-127
2457,20-1271
2458,20-204b
2459,20-205
2460,20-206
2461,20-245
2462,20-246
2463,20-086
2464,20-128
2465,20-129
2466,20-130
2467,20-131
2468,20-207
2469,20-208
2470,20-247
2471,20-248
2472,20-249
2473,20-250
2474,20-251
2475,20-252
2476,20-087
2477,20-088
2478,20-132
2479,20-209
2480,20-210
2481,20-211
2482,20-212
2483,20-213
2484,20-253a
2485,20-253b
2486,20-253c
2487,20-253d
2488,20-089
2489,20-134
2490,20-135
2491,20-136
2492,20-214
2493,20-215
2494,20-216
2495,20-217
2496,20-218
2497,20-219a
2498,20-254
2499,20-255
2500,20-257a
2501,20-090a
2502,20-090b
2503,20-090c
2504,20-090d
2505,20-137
2506,20-138
2507,20-139
2508,20-140
2509,20-141
2510,20-219b
2511,20-220
2512,20-257b
2513,20-258
2514,20-259
2515,20-260
2516,20-261
2517,20-090e
2518,20-091
2519,20-092
2520,20-142
2521,20-143
2522,20-144
2523,20-145
2524,20-146
2525,20-147
2526,20-221
2527,20-222
2528,20-223
2529,20-224
2530,20-262a
2531,20-262b
2532,20-263
2533,20-264
2534,20-093
2535,20-148
2536,20-149
2537,20-150
2538,20-151
2539,20-152
2540,20-153
2541,20-154
2542,20-155
2543,20-156
2544,20-157
2545,20-158
2546,20-159
2547,20-160
2548,20-225
2549,20-226
2550,20-266
2551,20-267
2552,20-268
2553,20-269
2554,20-095
2555,20-096
2556,20-161
2557,20-162
2558,20-163
2559,20-164
2560,20-165
2561,20-166
2562,20-227
2563,20-228
2564,20-270a
2565,20-098
2566,20-099
2567,20-167
2568,20-168
2569,20-170
2570,20-171
2571,20-229
2572,20-230
2573,20-270b
2574,20-272
2575,20-273
2576,20-274
2577,20-275
2578,20-276
2579,20-100
2580,20-101
2581,20-102a
2582,20-172
2583,20-173
2584,20-174
2585,20-175
2586,20-176
2587,20-177
2588,20-178
2589,20-231
2590,20-232
2591,20-277a
2592,20-277b
2593,20-277c
2594,20-279a
2595,20-102b
2596,20-102c
2597,20-102d
2598,20-104
2599,20-179
2600,20-180
2601,20-181
2602,20-182
2603,20-183
2604,20-233
2605,21-686
2606,21-687
2607,21-688
2608,21-689
2609,21-690
2610,21-691
2611,21-692
2612,21-693
2613,21-694
2614,21-695
2615,21-696
2616,22-015
2617,22-016
2618,22-017
2619,22-018
2620,22-019
2621,21-480
2622,21-481
2623,21-482
2624,21-483
2625,21-484
2626,21-485
2627,21-486
2628,21-552
2629,21-553
2630,21-554
2631,21-555
2632,21-556
2633,21-557
2634,21-697
2635,21-698
2636,21-699
2637,21-700
2638,21-701
2639,21-702
2640,21-703
2641,21-704
2642,21-705
2643,21-706
2644,21-707
2645,21-487
2646,21-488
2647,21-489
2648,21-490
2649,21-491
2650,21-558
2651,21-559
2652,21-560
2653,21-561
2654,21-708
2655,21-709
2656,21-710
2657,21-711
2658,21-712
2659,21-713
2660,21-714
2661,21-715
2662,21-716
2663,21-717
2664,21-718
2665,22-020
2666,22-021a
2667,22-021b
2668,21-492
2669,21-493
2670,21-494
2671,21-495
2672,21-562
2673,21-563
2674,21-564
2675,21-565
2676,21-719
2677,21-720
2678,21-721
2679,21-722
2680,21-723
2681,21-724
2682,21-725
2683,21-726
2684,22-024
2685,22-026
2686,22-027
2687,22-028
2688,22-029
2689,22-030
2690,21-496
2691,21-497
2692,21-498
2693,21-499
2694,21-566
2695,21-567
2696,21-568
2697,21-569
2698,21-570
2699,21-571
2700,21-572
2701,21-727
2702,21-728
2703,21-729
2704,21-730
2705,21-731
2706,21-732
2707,21-733
2708,21-734
2709,21-735
2710,21-421
2711,21-500
2712,21-501
2713,21-502
2714,21-503
2715,21-573
2716,21-574
2717,21-575
2718,21-576
2719,21-577
2720,21-578
2721,21-579
2722,21-736
2723,21-737
2724,21-738
2725,21-739
2726,21-740
2727,21-741
2728,21-742
2729,21-743
2730,21-744
2731,21-423a
2732,21-423b
2733,21-424
2734,21-425a
2735,21-425b
2736,21-504
2737,21-505
2738,21-506
2739,21-580
2740,21-581
2741,21-582
2742,21-583
2743,21-584
2744,21-585
2745,21-745
2746,21-746
2747,21-747
2748,21-748
2749,21-749
2750,21-750
2751,21-751
2752,21-752
2753,21-428
2754,21-430
2755,21-507
2756,21-508
2757,21-509
2758,21-510
2759,21-511
2760,21-586
2761,21-587
2762,21-588
2763,21-589
2764,21-590
2765,21-591
2766,21-592
2767,21-753
2768,21-754
2769,21-755
2770,21-756
2771,21-757
2772,21-758
2773,21-759
2774,21-760
2775,21-431
2776,21-432
2777,21-433
2778,21-434
2779,21-512
2780,21-513
2781,21-514
2782,21-593
2783,21-594
2784,21-595
2785,21-596
2786,21-597
2787,21-598
2788,21-599
2789,21-600
2790,21-601
2791,21-761
2792,21-762
2793,21-763
2794,21-764
2795,21-768
2796,21-769
2797,21-770
2798,21-771
2799,21-772
2800,21-773
2801,21-774
2802,21-775
2803,21-435
2804,21-436
2805,21-437
2806,21-438
2807,21-439
2808,21-515
2809,21-516
2810,21-517
2811,21-518
2812,21-602
2813,21-603
2814,21-604
2815,21-605
2816,21-606
2817,21-607
2818,21-608
2819,21-609
2820,21-610
2821,21-611
2822,21-612
2823,21-613
2824,21-776
2825,21-777
2826,21-778
2827,21-779
2828,21-780
2829,21-781
2830,21-782
2831,21-783
2832,21-784
2833,21-785
2834,21-786
2835,21-440
2836,21-441
2837,21-442
2838,21-443
2839,21-444
2840,21-445
2841,21-446
2842,21-447
2843,21-519
2844,21-520
2845,21-521
2846,21-522
2847,21-523
2848,21-614
2849,21-615
2850,21-616
2851,21-617
2852,21-618
2853,21-619
2854,21-620
2855,21-621
2856,21-622
2857,21-623
2858,21-787
2859,21-788
2860,21-789
2861,21-791
2862,21-792
2863,21-793
2864,21-794
2865,21-795
2866,21-796
2867,21-797
2868,21-798
2869,21-799
2870,21-448
2871,21-449
2872,21-450
2873,21-451
2874,21-452
2875,21-453
2876,21-524
2877,21-525
2878,21-526
2879,21-527
2880,21-528
2881,21-529
2882,21-530
2883,21-624
2884,21-625
2885,21-626
2886,21-627
2887,21-628
2888,21-629
2889,21-630
2890,21-800
2891,21-801
2892,21-804
2893,21-805
2894,21-806
2895,21-807
2896,21-808
2897,21-809
2898,21-810
2899,21-454
2900,21-455
2901,21-456
2902,21-457
2903,21-458
2904,21-459
2905,21-531
2906,21-532
2907,21-533
2908,21-534
2909,21-535
2910,21-536
2911,21-537
2912,21-631
2913,21-632
2914,21-633
2915,21-634
2916,21-635
2917,21-636
2918,21-637
2919,21-638
2920,21-639
2921,21-640
2922,21-641
2923,21-642
2924,21-811
2925,21-812
2926,21-813
2927,21-814
2928,21-815
2929,21-816
2930,21-817
2931,21-818
2932,21-819
2933,21-820
2934,21-821
2935,21-822
2936,21-465
2937,21-466
2938,21-467
2939,21-538
2940,21-539
2941,21-540
2942,21-541
2943,21-542
2944,21-543
2945,21-643
2946,21-644
2947,21-645
2948,21-655
2949,21-656
2950,21-657
2951,21-658
2952,21-659
2953,21-660
2954,21-661
2955,21-663
2956,21-823
2957,21-824
2958,21-825
2959,21-826
2960,21-827
2961,21-828
2962,21-460
2963,21-461
2964,21-462
2965,21-463
2966,21-464
2967,21-544
2968,21-545
2969,21-546
2970,21-547
2971,21-664
2972,21-665
2973,21-666
2974,21-667
2975,21-668
2976,21-669
2977,21-670
2978,21-671
2979,21-672
2980,21-673
2981,21-674
2982,22-003a
2983,22-003b
2984,22-005
2985,21-468
2986,21-469
2987,21-470
2988,21-471
2989,21-472
2990,21-473
2991,21-474
2992,21-548
2993,21-549
2994,21-550
2995,21-551
2996,21-675
2997,21-676
2998,21-677
2999,21-678
3000,21-679
3001,21-680
3002,21-681
3003,21-682
3004,21-683
3005,21-684
3006,21-685
3007,22-007
3008,22-008
3009,22-009
3010,22-010
3011,22-012
3012,22-013
3013,22-014
3014,21-475
3015,21-476
3016,21-477
3017,21-478
3018,21-479
3019,21-294
3020,21-295
3021,21-296
3022,21-297a
3023,21-297b
3024,21-396
3025,21-398
3026,21-399
3027,21-401
3028,21-402
3029,21-124
3030,21-125
3031,21-126
3032,21-127a
3033,21-127b
3034,21-208
3035,21-209
3036,21-210
3037,21-211
3038,21-212
3039,21-213
3040,21-297c
3041,21-297d
3042,21-298
3043,21-299
3044,21-300a
3045,21-300b
3046,21-301
3047,21-302
3048,21-403a
3049,21-403b
3050,21-406
3051,21-128
3052,21-129
3053,21-214
3054,21-215
3055,21-216
3056,21-217
3057,21-218
3058,21-219
3059,21-220
3060,21-303
3061,21-304
3062,21-305
3063,21-306
3064,21-307
3065,21-414a
3066,21-414b
3067,21-415
3068,21-130
3069,21-131
3070,21-132
3071,21-133
3072,21-134
3073,21-221
3074,21-222
3075,21-223
3076,21-224
3077,21-225
3078,21-226
3079,21-227
3080,21-308
3081,21-309
3082,21-310
3083,21-312
3084,21-313
3085,21-314
3086,21-315
3087,21-316
3088,21-417
3089,21-418a
3090,21-418b
3091,21-135
3092,21-136
3093,21-137
3094,21-138
3095,21-139
3096,21-228
3097,21-229
3098,21-230
3099,21-231
3100,21-232
3101,21-233
3102,21-234
3103,21-235
3104,21-317
3105,21-318
3106,21-319
3107,21-320
3108,21-322
3109,21-324a
3110,21-324b
3111,21-059
3112,21-060
3113,21-061
3114,21-140
3115,21-141
3116,21-142
3117,21-143
3118,21-144
3119,21-236
3120,21-237
3121,21-238
3122,21-325
3123,21-326
3124,21-327
3125,21-328
3126,21-329
3127,21-331
3128,21-062
3129,21-063
3130,21-064
3131,21-065
3132,21-066
3133,21-067
3134,21-145a
3135,21-145b
3136,21-145c
3137,21-146
3138,21-147
3139,21-239
3140,21-240
3141,21-241
3142,21-242a
3143,21-242b
3144,21-333
3145,21-334
3146,21-336
3147,21-337
3148,21-338
3149,21-068
3150,21-069
3151,21-070
3152,21-071
3153,21-148
3154,21-149
3155,21-150
3156,21-151
3157,21-242c
3158,21-243
3159,21-244
3160,21-245
3161,21-246
3162,21-247
3163,21-339
3164,21-340
3165,21-341
3166,21-342
3167,21-345
3168,21-346
3169,21-347
3170,21-072
3171,21-073
3172,21-074
3173,21-075
3174,21-152
3175,21-153
3176,21-154
3177,21-155
3178,21-156
3179,21-157
3180,21-158
3181,21-248
3182,21-249
3183,21-250a
3184,21-250b
3185,21-251
3186,21-252
3187,21-348
3188,21-349a
3189,21-349b
3190,21-350
3191,21-351
3192,21-352
3193,21-076
3194,21-077
3195,21-078
3196,21-079
3197,21-080
3198,21-159
3199,21-160
3200,21-161
3201,21-162
3202,21-163
3203,21-164
3204,21-165
3205,21-253
3206,21-254
3207,21-255
3208,21-256
3209,21-257
3210,21-355
3211,21-356
3212,21-358a
3213,21-358b
3214,21-359
3215,21-360
3216,21-081
3217,21-082
3218,21-083
3219,21-084
3220,21-085
3221,21-086
3222,21-166
3223,21-167
3224,21-168
3225,21-169
3226,21-170
3227,21-171
3228,21-258
3229,21-259
3230,21-260
3231,21-361
3232,21-362
3233,21-363
3234,21-364
3235,21-365a
3236,21-365b
3237,21-366
3238,21-087
3239,21-088
3240,21-089
3241,21-090
3242,21-091
3243,21-092
3244,21-172
3245,21-173
3246,21-174
3247,21-175
3248,21-261
3249,21-262a
3250,21-262b
3251,21-263
3252,21-264
3253,21-367
3254,21-368
3255,21-369
3256,21-370
3257,21-372
3258,21-373
3259,21-093
3260,21-094
3261,21-095
3262,21-096
3263,21-097
3264,21-098
3265,21-099
3266,21-100
3267,21-176
3268,21-177
3269,21-178
3270,21-179
3271,21-180
3272,21-181
3273,21-265
3274,21-266
3275,21-267
3276,21-268
3277,21-269
3278,21-374
3279,21-375
3280,21-377
3281,21-378
3282,21-379
3283,21-101
3284,21-829a
3285,21-829b
3286,21-829c
3287,21-102
3288,21-103
3289,21-182
3290,21-183
3291,21-184
3292,21-185
3293,21-186
3294,21-187
3295,21-270
3296,21-271
3297,21-272
3298,21-273
3299,21-274
3300,21-275
3301,21-380
3302,21-381
3303,21-382
3304,21-383
3305,21-104
3306,21-105
3307,21-106
3308,21-107
3309,21-108
3310,21-109
3311,21-110
3312,21-111
3313,21-112
3314,21-188
3315,21-189
3316,21-190
3317,21-191
3318,21-192
3319,21-276
3320,21-277
3321,21-278
3322,21-279
3323,21-280
3324,21-281
3325,21-386
3326,21-387
3327,21-389
3328,21-113a
3329,21-113b
3330,21-113c
3331,21-113d
3332,21-113e
3333,21-114a
3334,21-114b
3335,21-114c
3336,21-115
3337,21-116
3338,21-193
3339,21-194
3340,21-195
3341,21-196
3342,21-197
3343,21-198
3344,21-199
3345,21-200
3346,21-282
3347,21-283
3348,21-284
3349,21-285
3350,21-286
3351,21-287
3352,21-288
3353,21-391
3354,21-391d
3355,21-392
3356,21-394
3357,21-117
3358,21-118
3359,21-119
3360,21-120
3361,21-121
3362,21-122
3363,21-123
3364,21-201
3365,21-202
3366,21-203
3367,21-204
3368,21-205
3369,21-206
3370,21-207
3371,21-289a
3372,21-289b
3373,21-290
3374,21-291
3375,21-292
3376,21-293
3377,99-464
3378,99-465
3379,99-466
3380,99-467
3381,99-469
3382,99-470
3383,99-472
3384,99-473
3385,99-474
3386,99-475
3387,99-477
3388,99-478
3389,99-480
3390,99-482
3391,99-484
3392,99-486
3393,99-488
3394,99-491
3395,99-492
3396,99-495
3397,99-496
3398,99-497
3399,99-498
3400,99-300
3401,99-302
3402,99-303a
3403,99-303b
3404,99-303c
3405,99-499
3406,99-500
3407,99-501
3408,99-503
3409,99-504
3410,99-505
3411,99-506
3412,99-507
3413,99-508
3414,99-509
3415,99-510
3416,99-511
3417,99-304
3418,99-305
3419,99-306
3420,99-311
3421,99-312
3422,99-345
3423,99-346
3424,99-512
3425,99-513
3426,99-514
3427,99-515
3428,99-517
3429,99-518
3430,99-347
3431,99-379
3432,99-380
3433,99-383
3434,99-388
3435,99-519
3436,99-520
3437,99-521a
3438,99-521b
3439,99-522
3440,99-395
3441,99-396
3442,99-398
3443,99-399
3444,99-523
3445,99-524
3446,99-525
3447,99-526
3448,99-527
3449,99-529
3450,99-401
3451,99-402
3452,99-403
3453,99-404
3454,99-405
3455,99-406
3456,99-407
3457,99-530a
3458,99-530b
3459,99-532
3460,99-533
3461,99-535
3462,99-536
3463,99-537
3464,99-408
3465,99-411
3466,99-413
3467,99-414
3468,99-415
3469,99-416
3470,99-417
3471,99-418
3472,99-419
3473,99-420
3474,99-540
3475,99-809
3476,99-421
3477,99-422
3478,99-423
3479,99-424
3480,99-425
3481,99-426
3482,99-427
3483,99-428
3484,99-429
3485,99-430
3486,16-118
3487,20-006
3488,11-222a
3489,99-432
3490,99-434
3491,99-435
3492,99-436
3493,99-437
3494,99-438
3495,99-439
3496,99-440
3497,99-441
3498,99-442
3499,99-443
3500,99-444
3501,99-445
3502,99-446
3503,99-447
3504,99-448
3505,99-450
3506,99-453
3507,99-455a
3508,99-455b
3509,99-455c
3510,99-456
3511,99-457
3512,99-458a
3513,99-458b
3514,99-459
3515,99-460
3516,99-461
3517,23-050
3518,23-051
3519,24-003
3520,24-006
3521,22-082
3522,22-083
3523,22-084
3524,22-085
3525,22-086
3526,22-167
3527,23-052a
3528,23-052b
3529,23-053
3530,24-008
3531,24-009a
3532,24-009b
3533,24-009c
3534,24-010
3535,24-011
3536,24-012
3537,22-087
3538,22-088a
3539,22-088b
3540,22-089
3541,22-816
3542,22-817
3543,23-054
3544,23-055a
3545,23-055b
3546,23-055c
3547,23-056
3548,22-090
3549,22-091
3550,22-092
3551,22-093
3552,22-094
3553,22-818
3554,22-819
3555,22-820
3556,22-821
3557,22-822
3558,22-823
3559,22-824
3560,22-825
3561,22-826
3562,22-827
3563,23-057
3564,23-058
3565,23-059a
3566,23-059b
3567,23-059c
3568,22-095
3569,22-096
3570,22-097
3571,22-098
3572,22-828
3573,22-829
3574,22-830
3575,22-831
3576,22-832
3577,22-833
3578,22-834
3579,22-835
3580,22-836
3581,22-837
3582,22-838
3583,23-059d
3584,23-060
3585,23-061a
3586,23-061b
3587,23-061c
3588,23-061d
3589,22-031
3590,22-032
3591,22-033
3592,22-099
3593,22-100
3594,22-101
3595,22-839
3596,22-840
3597,22-841
3598,22-842
3599,22-843
3600,22-844
3601,22-845
3602,22-846
3603,22-848
3604,22-849
3605,23-061e
3606,23-061f
3607,23-062
3608,23-064
3609,23-065a
3610,23-065b
3611,23-066
3612,23-067a
3613,23-067b
3614,23-067c
3615,22-034
3616,22-035
3617,22-036
3618,22-037
3619,22-038
3620,22-102
3621,22-103
3622,22-104a
3623,22-104b
3624,22-104c
3625,22-850
3626,22-851
3627,23-001
3628,23-002
3629,23-068
3630,23-069
3631,23-070
3632,22-040
3633,22-041
3634,22-042
3635,22-043
3636,22-044
3637,22-045
3638,22-105
3639,22-106
3640,22-107
3641,22-108
3642,22-109
3643,22-110
3644,22-111
3645,22-112
3646,23-004a
3647,23-004b
3648,23-005
3649,23-006
3650,23-007
3651,23-071
3652,23-072
3653,23-074a
3654,23-074b
3655,23-074c
3656,23-074d
3657,22-046
3658,22-047a
3659,22-047b
3660,22-047c
3661,22-048
3662,22-113
3663,22-114
3664,22-115
3665,22-116
3666,22-117
3667,22-118
3668,22-119
3669,22-120
3670,23-008
3671,23-009
3672,23-010
3673,23-011
3674,23-012a
3675,23-076
3676,23-077
3677,22-049
3678,22-050
3679,22-052
3680,22-121
3681,22-122
3682,22-123
3683,22-124
3684,22-125
3685,22-126
3686,23-012b
3687,23-012c
3688,23-012d
3689,23-012e
3690,23-078
3691,23-079
3692,23-080
3693,22-053a
3694,22-053b
3695,22-054
3696,22-055
3697,22-127
3698,22-128
3699,22-129
3700,22-130
3701,22-131
3702,23-014
3703,23-016
3704,23-017
3705,23-018
3706,23-081
3707,22-056
3708,22-057
3709,22-058
3710,22-060
3711,22-061
3712,22-132
3713,22-133
3714,22-134
3715,22-135
3716,22-136
3717,23-019
3718,23-020
3719,23-022
3720,23-023
3721,23-024
3722,23-025
3723,23-082a
3724,23-082b
3725,23-083a
3726,23-083b
3727,23-084
3728,23-085
3729,22-062
3730,22-063
3731,22-064
3732,22-065
3733,22-137
3734,22-138
3735,22-139
3736,22-140
3737,22-141
3738,23-026
3739,23-027
3740,23-028
3741,23-029
3742,23-030
3743,23-086
3744,23-087
3745,23-088a
3746,23-088b
3747,23-089
3748,23-090
3749,22-066
3750,22-067
3751,22-068
3752,22-069
3753,22-142
3754,22-143
3755,22-144
3756,22-145
3757,22-146a
3758,22-146b
3759,23-031a
3760,23-031b
3761,23-033
3762,23-034
3763,23-035
3764,23-036
3765,22-070
3766,22-071
3767,22-073
3768,22-074
3769,22-147a
3770,22-147b
3771,22-148a
3772,22-148b
3773,22-148c
3774,23-037
3775,23-038
3776,23-039
3777,23-041
3778,23-042a
3779,22-075
3780,22-076
3781,22-077
3782,22-149
3783,22-152
3784,22-153
3785,22-154
3786,22-155
3787,23-042b
3788,23-043
3789,23-044
3790,23-045a
3791,22-078
3792,22-079
3793,22-080
3794,22-081
3795,22-156
3796,22-157
3797,22-158
3798,22-159
3799,22-160
3800,22-161
3801,22-163
3802,23-045b
3803,23-046
3804,23-047
3805,23-048
3806,23-049